<application>
  <component name="LafManager">
    <lafs-to-previous-schemes>
      <laf-to-scheme laf="ExperimentalDark" scheme="One Dark 2 copy" />
      <laf-to-scheme laf="RiderDark" scheme="One Dark 2 copy" />
      <laf-to-scheme laf="RiderMelonNight" scheme="One Dark 2 copy" />
      <laf-to-scheme laf="RiderNight" scheme="One Dark 2 copy" />
      <laf-to-scheme laf="VisualStudioNight" scheme="One Dark 2 copy" />
      <laf-to-scheme laf="f92a0fa7-1a98-47cd-b5cb-78ff67e6f4f3" scheme="One Dark 2 copy" />
    </lafs-to-previous-schemes>
  </component>
</application>