<application>
  <component name="DimensionService">
    <location key="find.popup.1926.131.2560.1080" x="2731" y="279" />
    <location key="find.popup.1920.-949.2560.1080" x="1987" y="-731" />
    <location key="find.popup.0.0.1920.1200@120dpi" x="31" y="164" />
    <location key="find.popup.1920.0.2560.1080" x="2725" y="148" />
    <location key="find.popup.0.0.1920.1200" x="815" y="318" />
    <location key="find.popup.1920.-949.2560.1080@120dpi" x="2380" y="-723" />
    <size key="GridCell.Tab.0.left.1920.-949.2560.1080" width="1392" height="680" />
    <size key="GridCell.Tab.0.center.1920.-949.2560.1080" width="1392" height="680" />
    <size key="GridCell.Tab.0.right.1920.-949.2560.1080" width="1392" height="680" />
    <size key="GridCell.Tab.0.bottom.1920.-949.2560.1080" width="1392" height="680" />
    <size key="GridCell.Tab.1.left.1920.-949.2560.1080" width="1392" height="680" />
    <size key="GridCell.Tab.1.center.1920.-949.2560.1080" width="1392" height="680" />
    <size key="GridCell.Tab.1.right.1920.-949.2560.1080" width="1392" height="680" />
    <size key="GridCell.Tab.1.bottom.1920.-949.2560.1080" width="1392" height="680" />
    <size key="GridCell.Tab.2.left.1920.-949.2560.1080" width="1383" height="678" />
    <size key="GridCell.Tab.2.center.1920.-949.2560.1080" width="1383" height="678" />
    <size key="GridCell.Tab.2.right.1920.-949.2560.1080" width="1383" height="678" />
    <size key="GridCell.Tab.2.bottom.1920.-949.2560.1080" width="1383" height="678" />
    <size key="GridCell.Tab.3.left.1920.-949.2560.1080" width="1383" height="678" />
    <size key="GridCell.Tab.3.center.1920.-949.2560.1080" width="1383" height="678" />
    <size key="GridCell.Tab.3.right.1920.-949.2560.1080" width="1383" height="678" />
    <size key="GridCell.Tab.3.bottom.1920.-949.2560.1080" width="1383" height="678" />
    <size key="GridCell.Tab.4.left.1920.-949.2560.1080" width="1383" height="678" />
    <size key="GridCell.Tab.4.center.1920.-949.2560.1080" width="1383" height="678" />
    <size key="GridCell.Tab.4.right.1920.-949.2560.1080" width="1383" height="678" />
    <size key="GridCell.Tab.4.bottom.1920.-949.2560.1080" width="1383" height="678" />
    <size key="GridCell.Tab.5.left.1920.-949.2560.1080" width="1383" height="678" />
    <size key="GridCell.Tab.5.center.1920.-949.2560.1080" width="1383" height="678" />
    <size key="GridCell.Tab.5.right.1920.-949.2560.1080" width="1383" height="678" />
    <size key="GridCell.Tab.5.bottom.1920.-949.2560.1080" width="1383" height="678" />
    <size key="GridCell.Tab.0.left.1926.131.2560.1080" width="1920" height="1070" />
    <size key="GridCell.Tab.0.center.1926.131.2560.1080" width="1920" height="1070" />
    <size key="GridCell.Tab.0.right.1926.131.2560.1080" width="1920" height="1070" />
    <size key="GridCell.Tab.0.bottom.1926.131.2560.1080" width="1920" height="1070" />
    <size key="GridCell.Tab.1.left.1926.131.2560.1080" width="1920" height="1070" />
    <size key="GridCell.Tab.1.center.1926.131.2560.1080" width="1920" height="1070" />
    <size key="GridCell.Tab.1.right.1926.131.2560.1080" width="1920" height="1070" />
    <size key="GridCell.Tab.1.bottom.1926.131.2560.1080" width="1920" height="1070" />
    <size key="GridCell.Tab.2.left.1926.131.2560.1080" width="1920" height="1070" />
    <size key="GridCell.Tab.2.center.1926.131.2560.1080" width="1920" height="1070" />
    <size key="GridCell.Tab.2.right.1926.131.2560.1080" width="1920" height="1070" />
    <size key="GridCell.Tab.2.bottom.1926.131.2560.1080" width="1920" height="1070" />
    <size key="GridCell.Tab.3.left.1926.131.2560.1080" width="1920" height="1070" />
    <size key="GridCell.Tab.3.center.1926.131.2560.1080" width="1920" height="1070" />
    <size key="GridCell.Tab.3.right.1926.131.2560.1080" width="1920" height="1070" />
    <size key="GridCell.Tab.3.bottom.1926.131.2560.1080" width="1920" height="1070" />
    <size key="GridCell.Tab.4.left.1926.131.2560.1080" width="1920" height="1070" />
    <size key="GridCell.Tab.4.center.1926.131.2560.1080" width="1920" height="1070" />
    <size key="GridCell.Tab.4.right.1926.131.2560.1080" width="1920" height="1070" />
    <size key="GridCell.Tab.4.bottom.1926.131.2560.1080" width="1920" height="1070" />
    <size key="GridCell.Tab.5.left.1926.131.2560.1080" width="1920" height="1070" />
    <size key="GridCell.Tab.5.center.1926.131.2560.1080" width="1920" height="1070" />
    <size key="GridCell.Tab.5.right.1926.131.2560.1080" width="1920" height="1070" />
    <size key="GridCell.Tab.5.bottom.1926.131.2560.1080" width="1920" height="1070" />
    <size key="find.popup.1926.131.2560.1080" width="1143" height="572" />
    <size key="find.popup.1920.-949.2560.1080" width="1287" height="572" />
    <size key="GridCell.Tab.0.left.0.0.1920.1200@120dpi" width="1740" height="850" />
    <size key="GridCell.Tab.0.center.0.0.1920.1200@120dpi" width="1740" height="850" />
    <size key="GridCell.Tab.0.right.0.0.1920.1200@120dpi" width="1740" height="850" />
    <size key="GridCell.Tab.0.bottom.0.0.1920.1200@120dpi" width="1740" height="850" />
    <size key="GridCell.Tab.1.left.0.0.1920.1200@120dpi" width="1740" height="850" />
    <size key="GridCell.Tab.1.center.0.0.1920.1200@120dpi" width="1740" height="850" />
    <size key="GridCell.Tab.1.right.0.0.1920.1200@120dpi" width="1740" height="850" />
    <size key="GridCell.Tab.1.bottom.0.0.1920.1200@120dpi" width="1740" height="850" />
    <size key="GridCell.Tab.2.left.0.0.1920.1200@120dpi" width="962" height="242" />
    <size key="GridCell.Tab.2.center.0.0.1920.1200@120dpi" width="962" height="242" />
    <size key="GridCell.Tab.2.right.0.0.1920.1200@120dpi" width="962" height="242" />
    <size key="GridCell.Tab.2.bottom.0.0.1920.1200@120dpi" width="962" height="242" />
    <size key="GridCell.Tab.3.left.0.0.1920.1200@120dpi" width="962" height="242" />
    <size key="GridCell.Tab.3.center.0.0.1920.1200@120dpi" width="962" height="242" />
    <size key="GridCell.Tab.3.right.0.0.1920.1200@120dpi" width="962" height="242" />
    <size key="GridCell.Tab.3.bottom.0.0.1920.1200@120dpi" width="962" height="242" />
    <size key="GridCell.Tab.4.left.0.0.1920.1200@120dpi" width="962" height="242" />
    <size key="GridCell.Tab.4.center.0.0.1920.1200@120dpi" width="962" height="242" />
    <size key="GridCell.Tab.4.right.0.0.1920.1200@120dpi" width="962" height="242" />
    <size key="GridCell.Tab.4.bottom.0.0.1920.1200@120dpi" width="962" height="242" />
    <size key="GridCell.Tab.5.left.0.0.1920.1200@120dpi" width="962" height="242" />
    <size key="GridCell.Tab.5.center.0.0.1920.1200@120dpi" width="962" height="242" />
    <size key="GridCell.Tab.5.right.0.0.1920.1200@120dpi" width="962" height="242" />
    <size key="GridCell.Tab.5.bottom.0.0.1920.1200@120dpi" width="962" height="242" />
    <size key="find.popup.0.0.1920.1200@120dpi" width="1889" height="915" />
    <size key="find.popup.1920.0.2560.1080" width="1399" height="828" />
    <size key="GridCell.Tab.0.left.1920.0.2560.1080" width="2046" height="338" />
    <size key="GridCell.Tab.0.center.1920.0.2560.1080" width="2046" height="338" />
    <size key="GridCell.Tab.0.right.1920.0.2560.1080" width="2046" height="338" />
    <size key="GridCell.Tab.0.bottom.1920.0.2560.1080" width="2046" height="338" />
    <size key="GridCell.Tab.0.left.0.0.1920.1200" width="1675" height="680" />
    <size key="GridCell.Tab.0.center.0.0.1920.1200" width="1675" height="680" />
    <size key="GridCell.Tab.0.right.0.0.1920.1200" width="1675" height="680" />
    <size key="GridCell.Tab.0.bottom.0.0.1920.1200" width="1675" height="680" />
    <size key="GridCell.Tab.1.left.0.0.1920.1200" width="1675" height="680" />
    <size key="GridCell.Tab.1.center.0.0.1920.1200" width="1675" height="680" />
    <size key="GridCell.Tab.1.right.0.0.1920.1200" width="1675" height="680" />
    <size key="GridCell.Tab.1.bottom.0.0.1920.1200" width="1675" height="680" />
    <size key="GridCell.Tab.2.left.0.0.1920.1200" width="1920" height="1070" />
    <size key="GridCell.Tab.2.center.0.0.1920.1200" width="1920" height="1070" />
    <size key="GridCell.Tab.2.right.0.0.1920.1200" width="1920" height="1070" />
    <size key="GridCell.Tab.2.bottom.0.0.1920.1200" width="1920" height="1070" />
    <size key="GridCell.Tab.3.left.0.0.1920.1200" width="1920" height="1070" />
    <size key="GridCell.Tab.3.center.0.0.1920.1200" width="1920" height="1070" />
    <size key="GridCell.Tab.3.right.0.0.1920.1200" width="1920" height="1070" />
    <size key="GridCell.Tab.3.bottom.0.0.1920.1200" width="1920" height="1070" />
    <size key="GridCell.Tab.4.left.0.0.1920.1200" width="1920" height="1070" />
    <size key="GridCell.Tab.4.center.0.0.1920.1200" width="1920" height="1070" />
    <size key="GridCell.Tab.4.right.0.0.1920.1200" width="1920" height="1070" />
    <size key="GridCell.Tab.4.bottom.0.0.1920.1200" width="1920" height="1070" />
    <size key="GridCell.Tab.5.left.0.0.1920.1200" width="1920" height="1070" />
    <size key="GridCell.Tab.5.center.0.0.1920.1200" width="1920" height="1070" />
    <size key="GridCell.Tab.5.right.0.0.1920.1200" width="1920" height="1070" />
    <size key="GridCell.Tab.5.bottom.0.0.1920.1200" width="1920" height="1070" />
    <size key="find.popup.0.0.1920.1200" width="1095" height="572" />
    <size key="GridCell.Tab.6.left.1926.131.2560.1080" width="1920" height="1070" />
    <size key="GridCell.Tab.6.center.1926.131.2560.1080" width="1920" height="1070" />
    <size key="GridCell.Tab.6.right.1926.131.2560.1080" width="1920" height="1070" />
    <size key="GridCell.Tab.6.bottom.1926.131.2560.1080" width="1920" height="1070" />
    <size key="GridCell.Tab.6.left.1920.-949.2560.1080" width="1383" height="678" />
    <size key="GridCell.Tab.6.center.1920.-949.2560.1080" width="1383" height="678" />
    <size key="GridCell.Tab.6.right.1920.-949.2560.1080" width="1383" height="678" />
    <size key="GridCell.Tab.6.bottom.1920.-949.2560.1080" width="1383" height="678" />
    <size key="GridCell.Tab.6.left.0.0.1920.1200" width="1920" height="1070" />
    <size key="GridCell.Tab.6.center.0.0.1920.1200" width="1920" height="1070" />
    <size key="GridCell.Tab.6.right.0.0.1920.1200" width="1920" height="1070" />
    <size key="GridCell.Tab.6.bottom.0.0.1920.1200" width="1920" height="1070" />
    <size key="GridCell.Tab.7.left.1920.-949.2560.1080" width="1675" height="680" />
    <size key="GridCell.Tab.7.center.1920.-949.2560.1080" width="1675" height="680" />
    <size key="GridCell.Tab.7.right.1920.-949.2560.1080" width="1675" height="680" />
    <size key="GridCell.Tab.7.bottom.1920.-949.2560.1080" width="1675" height="680" />
    <size key="GridCell.Tab.8.left.1920.-949.2560.1080" width="1675" height="680" />
    <size key="GridCell.Tab.8.center.1920.-949.2560.1080" width="1675" height="680" />
    <size key="GridCell.Tab.8.right.1920.-949.2560.1080" width="1675" height="680" />
    <size key="GridCell.Tab.8.bottom.1920.-949.2560.1080" width="1675" height="680" />
    <size key="GridCell.Tab.1.left.1920.-949.2560.1080@120dpi" width="1937" height="975" />
    <size key="GridCell.Tab.1.center.1920.-949.2560.1080@120dpi" width="1937" height="975" />
    <size key="GridCell.Tab.1.right.1920.-949.2560.1080@120dpi" width="1937" height="975" />
    <size key="GridCell.Tab.1.bottom.1920.-949.2560.1080@120dpi" width="1937" height="975" />
    <size key="GridCell.Tab.0.left.1920.-949.2560.1080@120dpi" width="1937" height="975" />
    <size key="GridCell.Tab.0.center.1920.-949.2560.1080@120dpi" width="1937" height="975" />
    <size key="GridCell.Tab.0.right.1920.-949.2560.1080@120dpi" width="1937" height="975" />
    <size key="GridCell.Tab.0.bottom.1920.-949.2560.1080@120dpi" width="1937" height="975" />
    <size key="GridCell.Tab.2.left.1920.-949.2560.1080@120dpi" width="1937" height="975" />
    <size key="GridCell.Tab.2.center.1920.-949.2560.1080@120dpi" width="1937" height="975" />
    <size key="GridCell.Tab.2.right.1920.-949.2560.1080@120dpi" width="1937" height="975" />
    <size key="GridCell.Tab.2.bottom.1920.-949.2560.1080@120dpi" width="1937" height="975" />
    <size key="GridCell.Tab.3.left.1920.-949.2560.1080@120dpi" width="1937" height="975" />
    <size key="GridCell.Tab.3.center.1920.-949.2560.1080@120dpi" width="1937" height="975" />
    <size key="GridCell.Tab.3.right.1920.-949.2560.1080@120dpi" width="1937" height="975" />
    <size key="GridCell.Tab.3.bottom.1920.-949.2560.1080@120dpi" width="1937" height="975" />
    <size key="GridCell.Tab.4.left.1920.-949.2560.1080@120dpi" width="1937" height="975" />
    <size key="GridCell.Tab.4.center.1920.-949.2560.1080@120dpi" width="1937" height="975" />
    <size key="GridCell.Tab.4.right.1920.-949.2560.1080@120dpi" width="1937" height="975" />
    <size key="GridCell.Tab.4.bottom.1920.-949.2560.1080@120dpi" width="1937" height="975" />
    <size key="GridCell.Tab.5.left.1920.-949.2560.1080@120dpi" width="1937" height="975" />
    <size key="GridCell.Tab.5.center.1920.-949.2560.1080@120dpi" width="1937" height="975" />
    <size key="GridCell.Tab.5.right.1920.-949.2560.1080@120dpi" width="1937" height="975" />
    <size key="GridCell.Tab.5.bottom.1920.-949.2560.1080@120dpi" width="1937" height="975" />
    <size key="GridCell.Tab.6.left.1920.-949.2560.1080@120dpi" width="1937" height="975" />
    <size key="GridCell.Tab.6.center.1920.-949.2560.1080@120dpi" width="1937" height="975" />
    <size key="GridCell.Tab.6.right.1920.-949.2560.1080@120dpi" width="1937" height="975" />
    <size key="GridCell.Tab.6.bottom.1920.-949.2560.1080@120dpi" width="1937" height="975" />
    <size key="find.popup.1920.-949.2560.1080@120dpi" width="1748" height="732" />
    <size key="GridCell.Tab.0.left.0.0.1920.1200@150dpi" width="1587" height="1069" />
    <size key="GridCell.Tab.0.center.0.0.1920.1200@150dpi" width="1587" height="1069" />
    <size key="GridCell.Tab.0.right.0.0.1920.1200@150dpi" width="1587" height="1069" />
    <size key="GridCell.Tab.0.bottom.0.0.1920.1200@150dpi" width="1587" height="1069" />
    <size key="GridCell.Tab.1.left.0.0.1920.1200@150dpi" width="1587" height="1069" />
    <size key="GridCell.Tab.1.center.0.0.1920.1200@150dpi" width="1587" height="1069" />
    <size key="GridCell.Tab.1.right.0.0.1920.1200@150dpi" width="1587" height="1069" />
    <size key="GridCell.Tab.1.bottom.0.0.1920.1200@150dpi" width="1587" height="1069" />
    <size key="GridCell.Tab.9.left.1920.-949.2560.1080@120dpi" width="1630" height="670" />
    <size key="GridCell.Tab.9.center.1920.-949.2560.1080@120dpi" width="1630" height="670" />
    <size key="GridCell.Tab.9.right.1920.-949.2560.1080@120dpi" width="1630" height="670" />
    <size key="GridCell.Tab.9.bottom.1920.-949.2560.1080@120dpi" width="1630" height="670" />
    <size key="GridCell.Tab.10.left.1920.-949.2560.1080@120dpi" width="1630" height="670" />
    <size key="GridCell.Tab.10.center.1920.-949.2560.1080@120dpi" width="1630" height="670" />
    <size key="GridCell.Tab.10.right.1920.-949.2560.1080@120dpi" width="1630" height="670" />
    <size key="GridCell.Tab.10.bottom.1920.-949.2560.1080@120dpi" width="1630" height="670" />
    <size key="GridCell.Tab.11.left.1920.-949.2560.1080@120dpi" width="1630" height="670" />
    <size key="GridCell.Tab.11.center.1920.-949.2560.1080@120dpi" width="1630" height="670" />
    <size key="GridCell.Tab.11.right.1920.-949.2560.1080@120dpi" width="1630" height="670" />
    <size key="GridCell.Tab.11.bottom.1920.-949.2560.1080@120dpi" width="1630" height="670" />
    <size key="GridCell.Tab.16.left.1920.-949.2560.1080@120dpi" width="1194" height="855" />
    <size key="GridCell.Tab.16.center.1920.-949.2560.1080@120dpi" width="1194" height="855" />
    <size key="GridCell.Tab.16.right.1920.-949.2560.1080@120dpi" width="1194" height="855" />
    <size key="GridCell.Tab.16.bottom.1920.-949.2560.1080@120dpi" width="1194" height="855" />
    <size key="GridCell.Tab.22.left.1920.-949.2560.1080@120dpi" width="1194" height="855" />
    <size key="GridCell.Tab.22.center.1920.-949.2560.1080@120dpi" width="1194" height="855" />
    <size key="GridCell.Tab.22.right.1920.-949.2560.1080@120dpi" width="1194" height="855" />
    <size key="GridCell.Tab.22.bottom.1920.-949.2560.1080@120dpi" width="1194" height="855" />
    <size key="GridCell.Tab.23.left.1920.-949.2560.1080@120dpi" width="1269" height="855" />
    <size key="GridCell.Tab.23.center.1920.-949.2560.1080@120dpi" width="1269" height="855" />
    <size key="GridCell.Tab.23.right.1920.-949.2560.1080@120dpi" width="1269" height="855" />
    <size key="GridCell.Tab.23.bottom.1920.-949.2560.1080@120dpi" width="1269" height="855" />
    <size key="GridCell.Tab.26.left.1920.-949.2560.1080@120dpi" width="0" height="0" />
    <size key="GridCell.Tab.26.center.1920.-949.2560.1080@120dpi" width="0" height="0" />
    <size key="GridCell.Tab.26.right.1920.-949.2560.1080@120dpi" width="0" height="0" />
    <size key="GridCell.Tab.26.bottom.1920.-949.2560.1080@120dpi" width="0" height="0" />
    <size key="GridCell.Tab.25.left.1920.-949.2560.1080@120dpi" width="1269" height="855" />
    <size key="GridCell.Tab.25.center.1920.-949.2560.1080@120dpi" width="1269" height="855" />
    <size key="GridCell.Tab.25.right.1920.-949.2560.1080@120dpi" width="1269" height="855" />
    <size key="GridCell.Tab.25.bottom.1920.-949.2560.1080@120dpi" width="1269" height="855" />
  </component>
  <component name="WindowManager">
    <frame x="1912" y="-957" width="2576" height="1048" extendedState="6" />
  </component>
  <component name="WindowStateApplicationService">
    <state x="598" y="323" key="APPLICATION_WIDE_STORE_#rider.projectView.actions.properties.EditPropertiesDialogFile.ideScale=125" timestamp="1752574018436">
      <screen x="0" y="0" width="1536" height="912" />
    </state>
    <state x="598" y="323" key="APPLICATION_WIDE_STORE_#rider.projectView.actions.properties.EditPropertiesDialogFile.ideScale=125/0.0.1536.912/1926.131.2560.1032/1920.-949.2560.1032" timestamp="1752574018436" />
    <state x="2785" y="-682" key="APPLICATION_WIDE_STORE_#rider.projectView.actions.properties.EditPropertiesDialogSolution.ideScale=125" timestamp="1747229825613">
      <screen x="1920" y="-949" width="2560" height="1032" />
    </state>
    <state x="2785" y="-682" key="APPLICATION_WIDE_STORE_#rider.projectView.actions.properties.EditPropertiesDialogSolution.ideScale=125/0.0.1536.912/1926.131.2560.1032/1920.-949.2560.1032" timestamp="1747229825613" />
    <state x="604" y="179" key="FileChooserDialogImpl.ideScale=125" timestamp="1753382671369">
      <screen x="0" y="0" width="1536" height="912" />
    </state>
    <state x="604" y="179" key="FileChooserDialogImpl.ideScale=125/0.0.1536.912" timestamp="1753382671369" />
    <state x="2927" y="-746" key="FileChooserDialogImpl.ideScale=125/0.0.1536.912/1926.131.2560.1032/1920.-949.2560.1032" timestamp="1753362626868" />
    <state width="761" height="267" key="ShowUsagesActions.dimensionServiceKey.ideScale=125" timestamp="1753364898853">
      <screen x="0" y="0" width="1536" height="912" />
    </state>
    <state width="839" height="203" key="ShowUsagesActions.dimensionServiceKey.ideScale=125/0.0.1536.912/1920.-949.2560.1032/1926.131.2560.1032" timestamp="1751900345932" />
    <state width="761" height="267" key="ShowUsagesActions.dimensionServiceKey.ideScale=125/0.0.1536.912/1926.131.2560.1032/1920.-949.2560.1032" timestamp="1753364898853" />
    <state x="3200" y="-430" width="2576" height="1048" key="WELCOME_SCREEN.ideScale=125" timestamp="1753686661094">
      <screen x="1920" y="-949" width="2560" height="1032" />
    </state>
    <state x="768" y="458" width="1546" height="927" key="WELCOME_SCREEN.ideScale=125/0.0.1536.912" timestamp="1753383799469" />
    <state x="768" y="458" width="1546" height="927" key="WELCOME_SCREEN.ideScale=125/0.0.1536.912/1920.-949.2560.1032/1926.131.2560.1032" timestamp="1751872736939" />
    <state x="3200" y="-430" width="2576" height="1048" key="WELCOME_SCREEN.ideScale=125/0.0.1536.912/1926.131.2560.1032/1920.-949.2560.1032" timestamp="1753686661094" />
    <state width="375" height="655" key="manage.recent.projects.popup.ideScale=125" timestamp="1753706304050">
      <screen x="0" y="0" width="1536" height="912" />
    </state>
    <state width="375" height="655" key="manage.recent.projects.popup.ideScale=125/0.0.1536.912/1920.-949.2560.1032/1926.131.2560.1032" timestamp="1751880021068" />
    <state width="375" height="655" key="manage.recent.projects.popup.ideScale=125/0.0.1536.912/1926.131.2560.1032/1920.-949.2560.1032" timestamp="1753706304050" />
  </component>
</application>