<application>
  <component name="GeneralSettings">
    <option name="reopenLastProject" value="false" />
    <option name="confirmExit" value="false" />
    <option name="confirmOpenNewProject2" value="-1" />
  </component>
  <component name="Registry">
    <entry key="ide.experimental.ui" value="true" source="SYSTEM" />
    <entry key="ide.images.show.chessboard" value="true" source="SYSTEM" />
    <entry key="editor.paint.empty.text" value="false" source="SYSTEM" />
    <entry key="moved.to.new.ui" value="true" source="SYSTEM" />
  </component>
  <component name="StatusBar">
    <option name="widgets">
      <map>
        <entry key="github.copilot.statusBarWidgetFactory" value="false" />
      </map>
    </option>
  </component>
</application>