<application>
  <component name="UISettings">
    <option name="ACTIVATE_MRU_EDITOR_ON_CLOSE" value="true" />
    <option name="HIDE_TABS_IF_NEED" value="false" />
    <option name="MARK_MODIFIED_TABS_WITH_ASTERISK" value="true" />
    <option name="MAX_LOOKUP_WIDTH2" value="1000" />
    <option name="NAVIGATION_BAR_LOCATION" value="TOP" />
    <option name="OPEN_TABS_AT_THE_END" value="true" />
    <option name="SEPARATE_MAIN_MENU" value="true" />
    <option name="SHOW_MAIN_TOOLBAR" value="true" />
    <option name="SHOW_PINNED_TABS_IN_A_SEPARATE_ROW" value="true" />
    <option name="showTreeIndentGuides" value="true" />
    <option name="smoothScrolling" value="false" />
    <option name="CONTRAST_SCROLLBARS" value="true" />
    <option name="WIDESCREEN_SUPPORT" value="true" />
  </component>
</application>